{
	"settings": {
		"appearanceTools": true,
		"color": {
			"palette": [
				{
					"color": "#F6F6F6",
					"name": "Base",
					"slug": "base"
				},
				{
					"color": "#1a1a1a",
					"name": "Contrast",
					"slug": "contrast"
				},
				{
					"color": "#007acc",
					"name": "Primary",
					"slug": "primary"
				},
				{
					"color": "#C03000",
					"name": "Accent",
					"slug": "accent"
				},
				{
					"color": "#CBCBCB",
					"name": "Midtone",
					"slug": "midtone"
				}
			]
		},
		"layout": {
			"contentSize": "65ch",
			"wideSize": "65ch"
		},
		"spacing": {
			"customSpacingSize": false,
			"spacingScale": {
				"steps": 0
			},
			"spacingSizes": [
				{
					"name": "1",
					"size": "0.125em",
					"slug": "10"
				},
				{
					"name": "2",
					"size": "0.25em",
					"slug": "20"
				},
				{
					"name": "3",
					"size": "0.5em",
					"slug": "30"
				},
				{
					"name": "4",
					"size": "1em",
					"slug": "40"
				},
				{
					"name": "5",
					"size": "2em",
					"slug": "50"
				},
				{
					"name": "6",
					"size": "4em",
					"slug": "60"
				}
			],
			"units": [
				"px",
				"em",
				"%",
				"ch"
			]
		},
		"typography": {
			"dropCap": false,
			"fontFamilies": [
				{
					"fontFamily": "Menlo, Consolas, Monaco, Liberation Mono, Lucida Console, monospace",
					"name": "System Monospace",
					"slug": "system-monospace"
				},
				{
					"fontFace": [
						{
							"fontFamily": "Roboto Mono",
							"fontStyle": "normal",
							"fontWeight": "400",
							"src": [
								"file:./assets/fonts/roboto-mono_normal_400.ttf"
							]
						},
						{
							"fontFamily": "Roboto Mono",
							"fontStyle": "italic",
							"fontWeight": "400",
							"src": [
								"file:./assets/fonts/roboto-mono_italic_400.ttf"
							]
						},
						{
							"fontFamily": "Roboto Mono",
							"fontStyle": "normal",
							"fontWeight": "700",
							"src": [
								"file:./assets/fonts/roboto-mono_normal_700.ttf"
							]
						},
						{
							"fontFamily": "Roboto Mono",
							"fontStyle": "italic",
							"fontWeight": "700",
							"src": [
								"file:./assets/fonts/roboto-mono_italic_700.ttf"
							]
						}
					],
					"fontFamily": "Roboto Mono",
					"slug": "roboto-mono"
				},
				{
					"fontFace": [
						{
							"fontFamily": "Fira Code",
							"fontStyle": "normal",
							"fontWeight": "400",
							"src": [
								"file:./assets/fonts/fira-code_normal_400.ttf"
							]
						},
						{
							"fontFamily": "Fira Code",
							"fontStyle": "normal",
							"fontWeight": "700",
							"src": [
								"file:./assets/fonts/fira-code_normal_700.ttf"
							]
						}
					],
					"fontFamily": "Fira Code",
					"slug": "fira-code"
				},
				{
					"fontFace": [
						{
							"fontFamily": "JetBrains Mono",
							"fontStyle": "normal",
							"fontWeight": "400",
							"src": [
								"file:./assets/fonts/jetbrains-mono_normal_400.ttf"
							]
						},
						{
							"fontFamily": "JetBrains Mono",
							"fontStyle": "normal",
							"fontWeight": "700",
							"src": [
								"file:./assets/fonts/jetbrains-mono_normal_700.ttf"
							]
						},
						{
							"fontFamily": "JetBrains Mono",
							"fontStyle": "italic",
							"fontWeight": "400",
							"src": [
								"file:./assets/fonts/jetbrains-mono_italic_400.ttf"
							]
						},
						{
							"fontFamily": "JetBrains Mono",
							"fontStyle": "italic",
							"fontWeight": "700",
							"src": [
								"file:./assets/fonts/jetbrains-mono_italic_700.ttf"
							]
						}
					],
					"fontFamily": "JetBrains Mono",
					"slug": "jetbrains-mono"
				},
				{
					"fontFace": [
						{
							"fontFamily": "Source Code Pro",
							"fontStyle": "normal",
							"fontWeight": "400",
							"src": [
								"file:./assets/fonts/source-code-pro_normal_400.ttf"
							]
						}
					],
					"fontFamily": "Source Code Pro",
					"slug": "source-code-pro"
				},
				{
					"fontFace": [
						{
							"fontFamily": "Noto Sans Mono",
							"fontStyle": "normal",
							"fontWeight": "400",
							"src": [
								"file:./assets/fonts/noto-sans-mono_normal_400.ttf"
							]
						},
						{
							"fontFamily": "Noto Sans Mono",
							"fontStyle": "normal",
							"fontWeight": "700",
							"src": [
								"file:./assets/fonts/noto-sans-mono_normal_700.ttf"
							]
						}
					],
					"fontFamily": "Noto Sans Mono",
					"slug": "noto-sans-mono"
				}
			]
		}
	},
	"styles": {
		"blocks": {
			"core/button": {
				"border": {
					"bottom": {
						"style": "none",
						"width": "0px"
					},
					"left": {
						"style": "none",
						"width": "0px"
					},
					"radius": "0px",
					"right": {
						"style": "none",
						"width": "0px"
					},
					"top": {
						"style": "none",
						"width": "0px"
					}
				},
				"color": {
					"background": "var(--wp--preset--color--contrast)",
					"text": "var(--wp--preset--color--base)"
				},
				"elements": {
					"link": {
						"color": {
							"text": "var(--wp--preset--color--base)"
						}
					}
				},
				"shadow": "1ch 1ch 0px rgba(0, 0, 0, 0.2)",
				"spacing": {
					"padding": {
						"bottom": "1ch",
						"left": "1ch",
						"right": "1ch",
						"top": "1ch"
					}
				},
				"typography": {
					"fontSize": "1em",
					"fontStyle": "normal",
					"fontWeight": "700",
					"lineHeight": "1",
					"textDecoration": "none",
					"textTransform": "none"
				}
			},
			"core/buttons": {
				"spacing": {
					"blockGap": "2ch"
				},
				"typography": {
					"textDecoration": "none"
				}
			},
			"core/code": {
				"border": {
					"left": {
						"color": "var(--wp--preset--color--midtone)",
						"style": "solid",
						"width": "1ch"
					}
				},
				"spacing": {
					"padding": {
						"bottom": "0ch",
						"left": "1ch",
						"right": "1ch",
						"top": "0ch"
					}
				}
			},
			"core/heading": {
				"spacing": {
					"margin": {
						"bottom": "1rem",
						"top": "2rem"
					}
				}
			},
			"core/query-pagination": {
				"typography": {
					"lineHeight": "1"
				}
			}
		},
		"color": {
			"background": "var(--wp--preset--color--base)",
			"text": "var(--wp--preset--color--contrast)"
		},
		"elements": {
			"button": {
				"typography": {
					"fontSize": "1em"
				}
			},
			"h1": {
				"typography": {
					"fontSize": "1em"
				}
			},
			"h2": {
				"typography": {
					"fontSize": "1em"
				}
			},
			"h3": {
				"typography": {
					"fontSize": "1em"
				}
			},
			"h4": {
				"typography": {
					"fontSize": "1em"
				}
			},
			"h5": {
				"typography": {
					"fontSize": "1em"
				}
			},
			"h6": {
				"typography": {
					"fontSize": "1em"
				}
			},
			"link": {
				":active": {
					"typography": {
						"textDecoration": "none"
					}
				},
				":any-link": {
					"color": {
						"text": "var(--wp--preset--color--primary)"
					},
					"typography": {
						"textDecoration": "underline"
					}
				},
				":focus": {
					"typography": {
						"textDecoration": "none"
					}
				},
				":hover": {
					"typography": {
						"textDecoration": "none"
					}
				},
				"color": {
					"text": "var(--wp--preset--color--primary)"
				}
			}
		},
		"spacing": {
			"blockGap": "2em",
			"padding": {
				"bottom": "0px",
				"left": "1ch",
				"right": "1ch",
				"top": "0px"
			}
		},
		"typography": {
			"fontFamily": "var(--wp--preset--font-family--system-monospace)",
			"fontSize": "clamp(1rem, 0.867rem + 0.5674vw, 1.25rem)",
			"lineHeight": "2"
		}
	},
	"version": 2,
	"$schema": "https://schemas.wp.org/wp/6.4/theme.json"
}