{
	"version": 2,
	"title": "Dracula",
	"settings": {
		"color": {
			"palette": [
				{
					"color": "#282A36",
					"name": "Base",
					"slug": "base"
				},
				{
					"color": "#F8F8F2",
					"name": "Contrast",
					"slug": "contrast"
				},
				{
					"color": "#8BE9FD",
					"name": "Primary",
					"slug": "primary"
				},
				{
					"color": "#52535C",
					"name": "Midtone",
					"slug": "midtone"
				},
				{
					"color": "#FF79C6",
					"name": "Accent",
					"slug": "accent"
				}
			]
		}
    }
}