{
	"version": 2,
	"title": "Green on Black",
	"settings": {
		"color": {
			"palette": [
				{
					"color": "#000000",
					"name": "Base",
					"slug": "base"
				},
				{
					"color": "#00ff00",
					"name": "Contrast",
					"slug": "contrast"
				},
				{
					"color": "#00ff00",
					"name": "Primary",
					"slug": "primary"
				},
				{
					"color": "#ff9500",
					"name": "Accent",
					"slug": "accent"
				},
				{
					"color": "#7f7f7f",
					"name": "Midtone",
					"slug": "midtone"
				}
			]
		}
    }
}